{
    "ver": "4.0",
    "name": "REPLACEEVENTFMAP",
    "time": "REPLACETIME",
    "iKey": "o:0890af88a9ed4cc886a14f5e174a2827",
    "ext": {
        "utc": {
            "shellId": 1,
            "eventFlags": 1,
            "pgName": "Xbox",
            "flags": 1,
            "epoch": "1",
            "seq": REPLACESEQ
        },
        "privacy": {
            "isRequired": false
        },
        "metadata": {
            "f": {
                "baseData": {
                    "f": {
                        "properties": {
                            "f": {
                                "BeatRivalHighScore": 4,
                                "CarId": 4,
                                "CockpitOrHoodViewOnly": 4,
                                "CompletedObjective": 4,
                                "DifficultyLevelId": 4,
                                "DistanceLed": 4,
                                "ExitStatusId": 4,
                                "Finished": 4,
                                "GameMode": 4,
                                "GameplayModeId": 4,
                                "MedalsEarned": 4,
                                "NumberOfOpponents": 4,
                                "PerfectScoreEarned": 4,
                                "Place": 4,
                                "RacePoints": 4,
                                "SectionId": 4,
                                "SpotlightRaceComplete": 4,
                                "SuggestedLineOff": 4,
                                "TrackId": 4,
                                "TrackScenario": 4,
                                "VehicleId": 4
                            }
                        },
                        "measurements": {
                            "f": {
                                "TimeInSeconds": 6,
                                "TopSpeed": 6
                            }
                        }
                    }
                }
            },
            "policies": 0
        },
        "os": {
            "bootId": 1,
            "name": "1",
            "ver": "1",
            "expId": "1"
        },
        "app": {
            "id": "U:Microsoft.ApexPG_2.8.18.1000_x64__8wekyb3d8bbwe!forzamotorsportapex",
            "ver": "2.8.18.1000_x64_!2016/11/08:19:51:46!52527A2!forzamotorsportapex.exe",
            "is1P": 1,
            "asId": 1
        },
        "device": {
            "localId": "s:11111111-1111-1111-1111-111111111111",
            "deviceClass": "Windows.Desktop"
        },
        "protocol": {
            "devMake": "1",
            "devModel": "1",
            "ticketKeys": [
                "1",
                "1"
            ]
        },
        "user": {
            "localId": "m:11111111111111111"
        },
        "loc": {
            "tz": "00:00"
        }
    },
    "data": {
        "baseType": "Microsoft.XboxLive.InGame",
        "baseData": {
            "name": "REPLACECCRITERAFMAPNAME",
            "serviceConfigId": "9bb50100-c0d7-4041-b98e-7e4a3a87b454",
            "playerSessionId": "11111111-1111-1111-1111-111111111111",
            "titleId": "981972052",
            "userId": "REPLACEXUID",
            "ver": 1,
            "properties": {
                "BeatRivalHighScore": REPLACECCRITERAFMAPBRH,
                "CarId": REPLACECCRITERAFMAPCID,
                "CockpitOrHoodViewOnly": REPLACECCRITERAFMAPCOH,
                "CompletedObjective": REPLACECCRITERAFMAPCO,
                "DifficultyLevelId": REPLACECCRITERAFMAPDLID,
                "DistanceLed": REPLACECCRITERAFMAPDL,
                "ExitStatusId": REPLACECCRITERAFMAPESID,
                "Finished": 1,
                "GameMode": REPLACECCRITERAFMAGM,
                "GameplayModeId": REPLACECCRITERAFMAPGPMID,
                "MedalsEarned": REPLACECCRITERAFMAPME,
                "MultiplayerCorrelationId": "<null>",
                "NumberOfOpponents": REPLACECCRITERAFMAPNOO,
                "PerfectScoreEarned": REPLACECCRITERAFMAPPSE,
                "Place": 1,
                "RacePoints": REPLACECCRITERAFMAPRP,
                "RoundId": "FFFFFFFF-FFFF-FFFF-FFFF-FFFF00000000",
                "SectionId": 0,
                "SpotlightRaceComplete": REPLACECCRITERAFMAPSRC,
                "SuggestedLineOff": REPLACECCRITERAFMAPSLO,
                "TrackId": REPLACECCRITERAFMAPTID,
                "TrackScenario": REPLACECCRITERAFMAPTKS,
                "VehicleId": REPLACECCRITERAFMAPVID
            },
            "measurements": {
                "TimeInSeconds": 165.2421875,
                "TopSpeed": REPLACECCRITERAFMAPSpeed
            }
        }
    }
}